settimana,fascia_oraria,alias,gruppo,effettivo,assente,ultima_azione
48,8,user_ba64f53f5d11,1,0,0,"2025-11-24 12:24:57"
42,7,user_7741221c6842,1,1,0,"2025-10-13 10:00:32"
47,6,user_998ba4148264,1,1,0,"2025-11-17 11:28:55"
45,8,user_7a327882fb35,1,1,0,"2025-11-03 14:56:56"
48,1,user_348e77b166b6,1,1,0,"2025-11-24 12:30:43"
45,26,user_1abb756948d8,1,1,0,"2025-11-03 14:56:56"
41,9,user_cbaac4ea25f8,1,1,0,"2025-10-06 13:04:26"
50,10,user_3879f42593f6,1,1,0,"2025-12-08 10:12:45"
48,6,user_792b89888703,1,0,0,"2025-11-24 12:17:40"
49,9,user_cbaac4ea25f8,1,1,0,"2025-12-01 10:33:46"
41,23,user_acd8bf4a84ea,1,0,1,"2025-10-09 11:52:26"
40,8,user_ba64f53f5d11,1,1,0,"2025-09-29 02:39:06"
42,9,user_dc6a70de200c,1,0,1,"2025-10-16 08:40:16"
44,8,user_53ec4ffd0c4a,1,0,0,"2025-10-27 09:29:39"
48,8,user_9bc8b58bc769,1,1,0,"2025-11-24 12:30:43"
49,7,user_7a327882fb35,1,0,0,"2025-12-01 10:14:18"
48,25,user_5c67461bdfb6,1,1,0,"2025-11-24 12:30:43"
45,1,user_365c3aa45860,1,1,0,"2025-11-03 14:56:56"
40,8,user_e6d68e09a806,1,1,0,"2025-09-29 02:39:06"
46,9,user_1011b09f7615,1,0,0,"2025-11-10 11:36:22"
45,6,user_d0f41d40876c,1,1,0,"2025-11-03 14:56:56"
41,1,user_ba64f53f5d11,1,1,0,"2025-10-06 13:04:26"
50,26,user_1abb756948d8,1,1,0,"2025-12-08 10:12:45"
49,11,user_559b46712ab4,1,1,0,"2025-12-01 10:33:46"
42,26,user_4ce98290e201,1,0,0,"2025-10-13 10:04:57"
49,26,user_53ec4ffd0c4a,1,1,0,"2025-12-01 10:33:46"
47,9,user_4288a5f5cd56,1,0,0,"2025-11-17 11:05:55"
40,4,user_dc6a70de200c,1,1,0,"2025-09-29 02:39:06"
48,1,user_5b1e2ffa6037,1,1,0,"2025-11-24 12:30:43"
49,11,user_1011b09f7615,1,0,0,"2025-12-01 10:11:47"
49,26,user_7a327882fb35,1,1,0,"2025-12-02 15:24:23"
40,5,user_3879f42593f6,1,1,0,"2025-09-29 02:39:06"
48,25,user_792b89888703,1,1,0,"2025-11-24 12:30:43"
45,9,user_ba64f53f5d11,1,1,0,"2025-11-03 14:56:56"
47,2,user_209615c9641f,1,1,0,"2025-11-17 11:28:55"
42,10,user_53ec4ffd0c4a,1,0,1,"2025-10-15 22:42:34"
50,10,user_9cc2ed18d407,1,1,0,"2025-12-08 10:12:45"
43,2,user_4836181dc2db,1,1,0,"2025-10-20 12:01:16"
45,1,user_2b54e11a378c,1,0,0,"2025-11-03 14:45:43"
46,11,user_ba64f53f5d11,1,1,0,"2025-11-10 11:53:05"
48,10,user_4288a5f5cd56,1,1,0,"2025-11-24 12:30:43"
43,2,user_5c67461bdfb6,1,1,0,"2025-10-20 12:01:49"
48,10,user_9cc2ed18d407,1,1,0,"2025-11-24 12:30:43"
50,7,user_348e77b166b6,1,1,0,"2025-12-08 10:12:45"
49,9,user_365c3aa45860,1,0,0,"2025-12-01 10:10:01"
48,2,user_9cc2ed18d407,1,1,0,"2025-11-24 14:14:27"
42,1,user_d0f41d40876c,1,1,0,"2025-10-12 18:01:14"
44,9,user_5dada3d11c89,1,1,0,"2025-10-28 09:47:31"
47,7,user_ba64f53f5d11,1,0,0,"2025-11-17 11:11:16"
48,6,user_7a327882fb35,1,0,0,"2025-11-24 12:17:40"
44,11,user_ba64f53f5d11,1,1,0,"2025-10-27 09:58:37"
41,1,user_5b1e2ffa6037,1,1,0,"2025-10-06 13:04:26"
47,9,user_1011b09f7615,1,0,0,"2025-11-17 11:05:55"
47,25,user_9cc2ed18d407,1,1,0,"2025-11-17 11:28:55"
48,1,user_65d0258c1913,1,0,0,"2025-11-24 12:16:29"
48,1,user_9cc2ed18d407,1,0,0,"2025-11-24 12:16:29"
44,11,user_348e77b166b6,1,1,1,"2025-10-31 14:57:40"
43,10,user_9cc2ed18d407,1,1,0,"2025-10-20 12:09:02"
43,1,user_34efd464de87,1,1,0,"2025-10-20 12:00:03"
43,26,user_e6d68e09a806,1,1,0,"2025-10-20 12:03:14"
45,6,user_65d0258c1913,1,1,0,"2025-11-05 08:28:46"
43,9,user_acd8bf4a84ea,1,0,1,"2025-10-21 10:56:42"
44,26,user_53ec4ffd0c4a,1,1,0,"2025-10-27 16:26:31"
48,6,user_65d0258c1913,1,0,0,"2025-11-24 12:17:40"
41,25,user_d0f41d40876c,1,1,0,"2025-10-06 13:04:26"
50,8,user_5c67461bdfb6,1,1,0,"2025-12-08 10:12:45"
49,8,user_3fe6d3d2f609,1,0,1,"2025-12-02 22:06:33"
44,25,user_5c67461bdfb6,1,1,0,"2025-10-27 09:58:37"
43,29,user_792b89888703,3,0,1,"2025-10-21 11:45:42"
43,10,user_3879f42593f6,1,1,0,"2025-10-20 12:08:56"
43,6,user_209615c9641f,1,1,0,"2025-10-20 12:04:16"
44,8,user_7a327882fb35,1,0,1,"2025-10-27 14:44:26"
41,1,user_3fe6d3d2f609,1,1,0,"2025-10-06 13:04:26"
50,7,user_79308b11de3c,1,1,0,"2025-12-08 10:12:45"
49,2,user_e6d68e09a806,1,1,0,"2025-12-01 10:33:46"
45,2,user_4836181dc2db,1,1,0,"2025-11-03 14:56:56"
42,9,user_5c67461bdfb6,1,1,1,"2025-10-16 15:20:00"
43,29,user_209615c9641f,3,1,0,"2025-10-21 11:42:06"
40,9,user_ba64f53f5d11,1,1,0,"2025-09-29 02:39:06"
47,25,user_209615c9641f,1,1,0,"2025-11-17 11:28:55"
41,6,user_5dada3d11c89,1,1,0,"2025-10-06 13:04:26"
49,8,user_1abb756948d8,1,1,0,"2025-12-03 14:05:50"
45,10,user_4288a5f5cd56,1,1,0,"2025-11-03 14:56:56"
47,7,user_7741221c6842,1,0,1,"2025-11-18 10:59:08"
50,8,user_6065da920f9a,1,1,0,"2025-12-08 10:12:45"
50,8,user_4836181dc2db,1,0,1,"2025-12-08 17:57:19"
49,7,user_79308b11de3c,1,1,0,"2025-12-01 10:33:46"
41,10,user_34efd464de87,1,1,0,"2025-10-06 13:04:26"
45,11,user_53ec4ffd0c4a,1,1,0,"2025-11-07 11:51:23"
44,9,user_348e77b166b6,1,1,0,"2025-10-29 22:27:52"
46,6,user_4ce98290e201,1,1,0,"2025-11-10 11:53:05"
50,10,user_209615c9641f,1,1,0,"2025-12-08 10:12:45"
43,6,user_6e45cd1cd582,1,1,0,"2025-10-20 12:04:29"
50,6,user_65d0258c1913,1,1,0,"2025-12-08 10:13:27"
42,8,user_0d31a53eca8d,1,1,0,"2025-10-13 09:56:27"
43,9,user_cbaac4ea25f8,1,1,0,"2025-10-20 12:07:20"
40,8,user_0cd2a60c4af2,1,1,0,"2025-09-29 02:39:06"
50,9,user_6065da920f9a,1,1,0,"2025-12-08 10:12:45"
42,7,user_53ec4ffd0c4a,1,0,0,"2025-10-13 09:53:43"
45,1,user_348e77b166b6,1,1,0,"2025-11-03 14:56:56"
42,11,user_34efd464de87,1,1,0,"2025-10-13 10:01:31"
49,9,user_65d0258c1913,1,0,0,"2025-12-01 10:10:01"
43,25,user_5c67461bdfb6,1,1,0,"2025-10-20 12:02:20"
47,23,user_348e77b166b6,1,1,0,"2025-11-17 11:28:55"
42,8,user_34efd464de87,1,1,0,"2025-10-13 09:56:27"
41,10,user_ba64f53f5d11,1,1,0,"2025-10-06 13:04:26"
40,10,user_3879f42593f6,1,1,0,"2025-09-29 02:39:06"
42,6,user_209615c9641f,1,1,0,"2025-10-13 10:00:18"
40,1,user_acd8bf4a84ea,1,1,0,"2025-09-29 02:39:06"
47,9,user_5c67461bdfb6,1,0,0,"2025-11-17 11:05:55"
40,6,user_348e77b166b6,1,1,0,"2025-09-29 02:39:06"
41,10,user_53ec4ffd0c4a,1,1,0,"2025-10-08 23:25:54"
44,10,user_5b1e2ffa6037,1,1,0,"2025-10-27 09:58:37"
47,23,user_3fe6d3d2f609,1,1,0,"2025-11-17 11:28:55"
46,7,user_1abb756948d8,1,0,0,"2025-11-10 11:29:43"
48,25,user_6e45cd1cd582,1,1,0,"2025-11-24 12:30:43"
44,11,user_3fe6d3d2f609,1,1,0,"2025-10-27 09:58:37"
47,1,user_0d31a53eca8d,1,1,0,"2025-11-17 11:28:55"
41,9,user_acd8bf4a84ea,1,1,0,"2025-10-09 11:52:08"
43,29,user_6065da920f9a,3,1,0,"2025-10-21 16:37:17"
45,1,user_209615c9641f,1,1,0,"2025-11-03 14:56:56"
48,7,user_7741221c6842,1,1,0,"2025-11-24 12:30:43"
42,6,user_6e45cd1cd582,1,1,0,"2025-10-13 10:00:18"
48,6,user_2b54e11a378c,1,1,0,"2025-11-24 12:30:43"
49,7,user_7741221c6842,1,1,0,"2025-12-01 10:33:46"
40,7,user_6065da920f9a,1,1,0,"2025-09-29 02:39:06"
49,26,user_3fe6d3d2f609,1,1,0,"2025-12-01 10:33:46"
44,11,user_365c3aa45860,1,1,0,"2025-10-27 09:58:37"
45,6,user_2b54e11a378c,1,1,0,"2025-11-03 14:56:56"
45,11,user_acd8bf4a84ea,1,0,0,"2025-11-03 14:44:59"
40,5,user_3646e7cc7306,1,1,0,"2025-09-29 02:39:06"
48,9,user_53ec4ffd0c4a,1,1,0,"2025-11-24 12:30:43"
47,1,user_998ba4148264,1,1,0,"2025-11-17 11:28:55"
42,9,user_34efd464de87,1,0,0,"2025-10-13 09:51:22"
46,9,user_ba64f53f5d11,1,1,0,"2025-11-10 11:53:05"
43,10,user_792b89888703,1,0,1,"2025-10-23 10:02:49"
40,9,user_792b89888703,1,1,0,"2025-09-29 02:39:06"
49,6,user_6e45cd1cd582,1,1,0,"2025-12-01 10:33:46"
47,1,user_4836181dc2db,1,0,0,"2025-11-17 11:07:03"
47,9,user_ba64f53f5d11,1,0,1,"2025-11-20 10:35:54"
47,8,user_0cd2a60c4af2,1,1,0,"2025-11-17 11:28:55"
48,10,user_3879f42593f6,1,1,1,"2025-11-27 15:18:32"
46,25,user_792b89888703,1,1,0,"2025-11-10 11:53:05"
49,10,user_209615c9641f,1,0,0,"2025-12-01 10:12:29"
40,8,user_53ec4ffd0c4a,1,1,0,"2025-09-29 02:39:06"
44,9,user_acd8bf4a84ea,1,1,0,"2025-10-27 09:58:37"
44,9,user_65d0258c1913,1,0,0,"2025-10-27 09:34:54"
48,11,user_5b1e2ffa6037,1,1,1,"2025-11-28 16:58:28"
43,23,user_559b46712ab4,1,1,0,"2025-10-20 12:09:46"
43,26,user_34efd464de87,1,1,0,"2025-10-20 12:03:36"
41,1,user_5c67461bdfb6,1,1,0,"2025-10-06 13:04:26"
49,6,user_209615c9641f,1,1,0,"2025-12-03 10:01:13"
44,10,user_3879f42593f6,1,1,0,"2025-10-27 09:58:37"
43,6,user_5c67461bdfb6,1,0,0,"2025-10-20 10:59:04"
50,9,user_998ba4148264,1,1,0,"2025-12-08 10:12:45"
44,7,user_5b1e2ffa6037,1,1,0,"2025-10-27 09:58:37"
40,9,user_5c67461bdfb6,1,1,0,"2025-09-29 02:39:06"
45,9,user_79308b11de3c,1,1,0,"2025-11-06 15:25:54"
46,7,user_7a327882fb35,1,0,0,"2025-11-10 11:29:43"
42,10,user_9cc2ed18d407,1,0,1,"2025-10-16 08:40:10"
44,11,user_6065da920f9a,1,0,0,"2025-10-27 09:25:06"
44,2,user_4836181dc2db,1,1,0,"2025-10-27 09:58:37"
46,8,user_7a327882fb35,1,0,0,"2025-11-10 11:42:02"
49,1,user_6065da920f9a,1,1,0,"2025-12-01 10:33:46"
47,6,user_2b54e11a378c,1,0,0,"2025-11-17 11:09:00"
46,6,user_7a327882fb35,1,0,0,"2025-11-10 11:37:15"
48,7,user_7a327882fb35,1,1,0,"2025-11-24 12:30:43"
44,25,user_4ce98290e201,1,1,0,"2025-10-27 14:46:11"
40,23,user_acd8bf4a84ea,1,1,1,"2025-10-03 18:06:38"
40,6,user_6e45cd1cd582,1,1,0,"2025-09-29 02:39:06"
48,25,user_209615c9641f,1,1,0,"2025-11-24 12:30:43"
45,7,user_5b1e2ffa6037,1,1,0,"2025-11-03 14:56:56"
44,11,user_1011b09f7615,1,0,0,"2025-10-27 09:25:06"
47,6,user_d0f41d40876c,1,1,0,"2025-11-17 11:28:55"
44,1,user_6065da920f9a,1,1,0,"2025-10-27 09:58:37"
43,29,user_9cc2ed18d407,3,1,0,"2025-10-21 11:41:47"
45,6,user_5dada3d11c89,1,1,0,"2025-11-03 14:56:56"
41,26,user_cbaac4ea25f8,1,1,0,"2025-10-06 13:04:26"
43,23,user_348e77b166b6,1,1,0,"2025-10-20 12:09:18"
47,2,user_559b46712ab4,1,1,0,"2025-11-17 11:28:55"
48,11,user_0d31a53eca8d,1,1,0,"2025-11-24 12:30:43"
49,26,user_6065da920f9a,1,1,0,"2025-12-01 10:33:46"
49,1,user_34efd464de87,1,1,0,"2025-12-01 10:33:46"
44,6,user_7a327882fb35,1,0,0,"2025-10-27 09:32:12"
42,25,user_cbaac4ea25f8,1,1,0,"2025-10-13 09:59:17"
48,7,user_1abb756948d8,1,1,0,"2025-11-24 12:30:43"
44,1,user_6e45cd1cd582,1,1,0,"2025-10-27 09:58:37"
48,7,user_792b89888703,1,1,0,"2025-11-24 12:30:43"
49,9,user_d0f41d40876c,1,1,0,"2025-12-01 10:33:46"
46,1,user_1011b09f7615,1,1,0,"2025-11-10 11:53:05"
42,7,user_acd8bf4a84ea,1,1,1,"2025-10-15 15:34:14"
42,11,user_348e77b166b6,1,0,1,"2025-10-14 16:08:21"
48,6,user_3879f42593f6,1,0,1,"2025-11-25 14:22:01"
46,1,user_365c3aa45860,1,1,0,"2025-11-10 11:53:05"
43,7,user_5b1e2ffa6037,1,1,0,"2025-10-20 12:05:09"
47,6,user_209615c9641f,1,1,0,"2025-11-17 11:28:55"
42,8,user_3879f42593f6,1,1,0,"2025-10-13 09:56:27"
42,6,user_348e77b166b6,1,1,0,"2025-10-13 10:00:18"
43,6,user_792b89888703,1,1,0,"2025-10-20 12:04:24"
44,7,user_53ec4ffd0c4a,1,1,0,"2025-10-27 09:58:37"
45,10,user_5c67461bdfb6,1,1,0,"2025-11-03 14:56:56"
44,25,user_7a327882fb35,1,0,0,"2025-10-27 09:36:14"
50,8,user_d8f1e3727bdb,1,1,0,"2025-12-09 11:52:31"
46,10,user_3879f42593f6,1,1,0,"2025-11-10 11:53:05"
43,2,user_3fe6d3d2f609,1,1,0,"2025-10-20 12:01:42"
49,26,user_d8f1e3727bdb,1,1,0,"2025-12-01 10:33:46"
42,6,user_5c67461bdfb6,1,1,0,"2025-10-13 10:00:18"
50,7,user_e6d68e09a806,1,0,1,"2025-12-08 17:57:24"
47,8,user_1abb756948d8,1,1,0,"2025-11-17 11:28:55"
47,6,user_1abb756948d8,1,0,0,"2025-11-17 11:09:00"
40,2,user_0cd2a60c4af2,1,1,0,"2025-09-29 02:39:06"
40,8,user_792b89888703,1,1,0,"2025-09-29 02:39:06"
47,9,user_3879f42593f6,1,1,0,"2025-11-17 11:28:55"
46,25,user_7a327882fb35,1,1,0,"2025-11-10 11:53:05"
48,25,user_cbaac4ea25f8,1,1,0,"2025-11-24 12:30:43"
48,6,user_9cc2ed18d407,1,1,0,"2025-11-24 12:30:43"
43,30,user_348e77b166b6,3,1,1,"2025-10-21 15:28:41"
45,7,user_348e77b166b6,1,1,0,"2025-11-03 14:56:56"
46,9,user_209615c9641f,1,1,0,"2025-11-10 11:53:05"
41,10,user_4836181dc2db,1,1,0,"2025-10-06 13:04:26"
41,6,user_559b46712ab4,1,1,0,"2025-10-06 13:04:26"
47,1,user_ba64f53f5d11,1,1,0,"2025-11-17 11:28:55"
48,11,user_348e77b166b6,1,1,0,"2025-11-24 12:30:43"
42,7,user_0cd2a60c4af2,1,1,0,"2025-10-13 09:53:43"
49,26,user_ba64f53f5d11,1,1,0,"2025-12-01 10:33:46"
47,9,user_0cd2a60c4af2,1,1,0,"2025-11-17 11:28:55"
48,7,user_2b54e11a378c,1,0,0,"2025-11-24 12:19:17"
40,23,user_53ec4ffd0c4a,1,1,0,"2025-09-29 02:39:06"
40,8,user_3fe6d3d2f609,1,1,0,"2025-09-29 02:39:06"
43,7,user_dc6a70de200c,1,1,0,"2025-10-20 12:04:59"
43,1,user_ba64f53f5d11,1,1,0,"2025-10-20 12:00:49"
47,7,user_792b89888703,1,1,0,"2025-11-17 11:28:55"
47,23,user_365c3aa45860,1,1,0,"2025-11-18 00:09:46"
46,25,user_ba64f53f5d11,1,1,0,"2025-11-10 11:53:05"
43,10,user_209615c9641f,1,1,0,"2025-10-20 12:08:25"
41,25,user_5c67461bdfb6,1,1,0,"2025-10-06 13:04:26"
44,7,user_0cd2a60c4af2,1,1,0,"2025-10-27 09:58:37"
44,8,user_1abb756948d8,1,0,0,"2025-10-27 09:29:39"
49,7,user_348e77b166b6,1,1,0,"2025-12-01 10:33:46"
48,26,user_ba64f53f5d11,1,1,0,"2025-11-24 12:31:31"
46,9,user_348e77b166b6,1,1,0,"2025-11-10 11:53:05"
41,25,user_209615c9641f,1,1,0,"2025-10-06 13:04:26"
43,23,user_3fe6d3d2f609,1,1,0,"2025-10-20 12:09:32"
40,1,user_5dada3d11c89,1,1,0,"2025-09-29 02:39:06"
47,1,user_5b1e2ffa6037,1,1,0,"2025-11-17 11:28:55"
49,11,user_0cd2a60c4af2,1,1,0,"2025-12-01 10:33:46"
43,6,user_5dada3d11c89,1,1,0,"2025-10-20 12:04:00"
47,1,user_365c3aa45860,1,1,0,"2025-11-17 11:28:55"
48,1,user_53ec4ffd0c4a,1,0,0,"2025-11-24 12:16:29"
47,25,user_348e77b166b6,1,1,0,"2025-11-17 11:28:55"
40,8,user_34efd464de87,1,1,0,"2025-09-29 02:39:06"
41,26,user_3fe6d3d2f609,1,1,0,"2025-10-06 13:04:26"
46,25,user_209615c9641f,1,1,0,"2025-11-10 11:53:05"
46,2,user_5c67461bdfb6,1,1,0,"2025-11-10 11:53:05"
45,9,user_cbaac4ea25f8,1,1,0,"2025-11-03 14:56:56"
49,11,user_5dada3d11c89,1,1,0,"2025-12-01 10:33:46"
48,7,user_365c3aa45860,1,1,0,"2025-11-24 12:30:43"
45,7,user_dc6a70de200c,1,1,0,"2025-11-03 14:56:56"
50,7,user_4836181dc2db,1,1,0,"2025-12-08 17:57:32"
47,25,user_65d0258c1913,1,1,0,"2025-11-17 11:28:55"
40,8,user_3879f42593f6,1,1,1,"2025-10-01 16:18:37"
43,23,user_365c3aa45860,1,1,0,"2025-10-23 00:19:00"
43,10,user_5b1e2ffa6037,1,1,0,"2025-10-20 12:08:07"
50,25,user_5c67461bdfb6,1,1,0,"2025-12-08 10:12:45"
49,10,user_3879f42593f6,1,1,0,"2025-12-01 10:33:46"
40,23,user_e6d68e09a806,1,1,0,"2025-09-29 02:39:06"
42,11,user_559b46712ab4,1,1,0,"2025-10-13 10:01:31"
42,6,user_4ce98290e201,1,1,0,"2025-10-13 10:00:18"
48,2,user_559b46712ab4,1,1,0,"2025-11-24 12:30:43"
48,26,user_3fe6d3d2f609,1,1,0,"2025-11-24 12:30:43"
42,7,user_4836181dc2db,1,1,0,"2025-10-13 09:53:43"
49,6,user_5c67461bdfb6,1,1,0,"2025-12-01 10:33:46"
46,11,user_348e77b166b6,1,1,0,"2025-11-10 11:53:05"
43,1,user_53ec4ffd0c4a,1,0,0,"2025-10-20 10:57:30"
46,6,user_2b54e11a378c,1,0,0,"2025-11-10 11:37:15"
49,1,user_53ec4ffd0c4a,1,1,0,"2025-12-01 10:33:46"
43,30,user_d0f41d40876c,3,1,0,"2025-10-21 11:42:39"
46,6,user_9cc2ed18d407,1,1,0,"2025-11-10 11:53:05"
40,7,user_79308b11de3c,1,1,0,"2025-09-29 02:39:06"
45,7,user_acd8bf4a84ea,1,1,1,"2025-11-05 17:34:38"
50,6,user_2b54e11a378c,1,1,0,"2025-12-08 10:12:45"
49,9,user_34efd464de87,1,1,0,"2025-12-01 10:33:46"
43,9,user_d0f41d40876c,1,1,0,"2025-10-20 12:06:36"
49,10,user_4288a5f5cd56,1,1,0,"2025-12-01 10:33:46"
46,7,user_2b54e11a378c,1,0,0,"2025-11-10 11:29:43"
45,1,user_5c67461bdfb6,1,1,0,"2025-11-03 14:56:56"
44,6,user_6e45cd1cd582,1,1,0,"2025-10-27 09:58:37"
42,7,user_d0f41d40876c,1,0,1,"2025-10-15 08:31:28"
47,7,user_acd8bf4a84ea,1,1,0,"2025-11-17 11:28:55"
44,25,user_6e45cd1cd582,1,1,0,"2025-10-27 09:58:37"
42,8,user_53ec4ffd0c4a,1,0,1,"2025-10-15 08:30:37"
44,11,user_79308b11de3c,1,1,0,"2025-10-27 09:58:37"
42,9,user_ba64f53f5d11,1,1,0,"2025-10-13 10:06:14"
46,6,user_5c67461bdfb6,1,1,0,"2025-11-10 11:53:05"
41,9,user_365c3aa45860,1,1,0,"2025-10-06 13:04:26"
44,11,user_53ec4ffd0c4a,1,1,0,"2025-10-31 15:12:19"
46,2,user_e6d68e09a806,1,1,1,"2025-11-10 19:41:08"
41,25,user_ba64f53f5d11,1,0,0,"2025-10-09 16:27:09"
49,11,user_acd8bf4a84ea,1,1,0,"2025-12-01 10:33:46"
42,10,user_6065da920f9a,1,0,1,"2025-10-15 21:45:46"
46,2,user_209615c9641f,1,1,0,"2025-11-10 11:53:05"
46,8,user_6065da920f9a,1,1,0,"2025-11-11 21:52:30"
42,11,user_ba64f53f5d11,1,1,0,"2025-10-13 10:01:31"
44,1,user_79308b11de3c,1,1,0,"2025-10-27 09:58:37"
43,29,user_5c67461bdfb6,3,1,0,"2025-10-21 11:42:13"
41,6,user_209615c9641f,1,1,0,"2025-10-06 13:04:26"
41,25,user_9cc2ed18d407,1,1,0,"2025-10-06 13:04:26"
42,8,user_4836181dc2db,1,0,0,"2025-10-13 09:56:27"
50,9,user_acd8bf4a84ea,1,1,0,"2025-12-08 10:12:45"
46,25,user_cbaac4ea25f8,1,1,0,"2025-11-10 11:53:05"
44,10,user_5c67461bdfb6,1,1,1,"2025-10-30 11:50:53"
41,25,user_0cd2a60c4af2,1,1,0,"2025-10-06 13:04:26"
50,6,user_3879f42593f6,1,0,1,"2025-12-09 12:41:34"
43,8,user_0d31a53eca8d,1,1,0,"2025-10-20 12:06:12"
46,26,user_53ec4ffd0c4a,1,1,0,"2025-11-10 11:58:55"
40,4,user_acd8bf4a84ea,1,1,0,"2025-09-29 02:39:06"
43,30,user_ba64f53f5d11,3,1,0,"2025-10-21 11:42:44"
47,1,user_acd8bf4a84ea,1,0,0,"2025-11-17 11:07:03"
43,8,user_4836181dc2db,1,0,0,"2025-10-20 11:03:39"
42,11,user_3fe6d3d2f609,1,0,1,"2025-10-17 10:08:16"
47,6,user_6e45cd1cd582,1,1,0,"2025-11-17 11:28:55"
48,1,user_2b54e11a378c,1,0,0,"2025-11-24 12:16:29"
48,9,user_ba64f53f5d11,1,1,0,"2025-11-24 12:30:43"
45,8,user_3fe6d3d2f609,1,1,0,"2025-11-03 14:56:56"
40,3,user_9cc2ed18d407,1,1,0,"2025-09-29 02:39:06"
50,8,user_3fe6d3d2f609,1,1,0,"2025-12-08 10:12:45"
45,2,user_559b46712ab4,1,1,0,"2025-11-03 14:56:56"
42,29,user_6065da920f9a,3,0,1,"2025-10-21 11:45:03"
41,1,user_0d31a53eca8d,1,1,0,"2025-10-06 13:04:26"
49,7,user_365c3aa45860,1,1,0,"2025-12-01 10:33:46"
48,1,user_6e45cd1cd582,1,1,0,"2025-11-24 12:30:43"
47,9,user_65d0258c1913,1,0,0,"2025-11-17 11:05:55"
44,7,user_1abb756948d8,1,1,0,"2025-10-27 09:58:37"
40,5,user_3fe6d3d2f609,1,1,0,"2025-09-29 02:39:06"
44,8,user_792b89888703,1,0,1,"2025-10-29 11:43:36"
43,9,user_6065da920f9a,1,1,0,"2025-10-20 12:07:35"
41,23,user_4836181dc2db,1,1,0,"2025-10-07 16:03:51"
48,11,user_e6d68e09a806,1,0,1,"2025-11-25 13:28:08"
49,25,user_9cc2ed18d407,1,1,0,"2025-12-01 10:33:46"
46,9,user_5c67461bdfb6,1,1,0,"2025-11-10 11:53:05"
44,11,user_34efd464de87,1,1,0,"2025-10-27 09:58:37"
48,11,user_2b54e11a378c,1,0,0,"2025-11-24 12:15:35"
40,1,user_d0f41d40876c,1,1,0,"2025-09-29 02:39:06"
45,11,user_79308b11de3c,1,0,1,"2025-11-07 10:04:39"
49,25,user_65d0258c1913,1,1,0,"2025-12-01 10:33:46"
44,7,user_6065da920f9a,1,0,0,"2025-10-27 09:26:45"
46,2,user_4836181dc2db,1,1,0,"2025-11-10 11:53:05"
45,25,user_9cc2ed18d407,1,1,0,"2025-11-03 14:56:56"
45,11,user_3fe6d3d2f609,1,0,1,"2025-11-07 09:59:52"
49,9,user_53ec4ffd0c4a,1,1,0,"2025-12-01 10:33:46"
44,26,user_6065da920f9a,1,1,0,"2025-10-27 09:58:37"
50,7,user_209615c9641f,1,1,0,"2025-12-08 10:12:45"
47,26,user_53ec4ffd0c4a,1,1,0,"2025-11-17 13:29:39"
44,26,user_7a327882fb35,1,1,0,"2025-10-27 09:58:37"
43,26,user_53ec4ffd0c4a,1,1,0,"2025-10-20 16:58:11"
45,8,user_1abb756948d8,1,1,0,"2025-11-03 14:56:56"
40,6,user_5c67461bdfb6,1,1,0,"2025-09-30 22:52:48"
49,11,user_348e77b166b6,1,1,0,"2025-12-01 10:33:46"
40,9,user_cbaac4ea25f8,1,1,0,"2025-09-29 08:44:33"
48,25,user_998ba4148264,1,1,0,"2025-11-24 12:30:43"
42,1,user_acd8bf4a84ea,1,1,0,"2025-10-13 09:57:41"
48,11,user_559b46712ab4,1,1,0,"2025-11-24 12:30:43"
48,8,user_3fe6d3d2f609,1,1,0,"2025-11-24 12:30:43"
47,6,user_3879f42593f6,1,1,0,"2025-11-17 11:28:55"
42,2,user_e6d68e09a806,1,1,0,"2025-10-13 10:03:49"
42,9,user_0d31a53eca8d,1,1,0,"2025-10-13 09:51:22"
43,2,user_0cd2a60c4af2,1,1,0,"2025-10-20 12:01:24"
48,8,user_7a327882fb35,1,0,0,"2025-11-24 12:19:57"
42,11,user_53ec4ffd0c4a,1,1,0,"2025-10-17 10:08:33"
44,2,user_0cd2a60c4af2,1,1,0,"2025-10-27 09:58:37"
47,8,user_3fe6d3d2f609,1,1,0,"2025-11-17 11:28:55"
43,2,user_ba64f53f5d11,1,0,0,"2025-10-19 14:56:51"
42,7,user_1abb756948d8,1,1,0,"2025-10-13 09:53:43"
50,7,user_5dada3d11c89,1,1,0,"2025-12-08 10:12:45"
43,7,user_7741221c6842,1,1,0,"2025-10-20 12:05:39"
44,9,user_53ec4ffd0c4a,1,0,1,"2025-10-30 10:52:23"
44,6,user_792b89888703,1,0,0,"2025-10-27 09:32:12"
41,6,user_dc6a70de200c,1,1,0,"2025-10-06 13:04:26"
47,9,user_acd8bf4a84ea,1,0,0,"2025-11-17 11:05:55"
49,9,user_209615c9641f,1,1,0,"2025-12-01 10:33:46"
43,2,user_0d31a53eca8d,1,1,0,"2025-10-20 12:01:31"
45,8,user_6065da920f9a,1,1,0,"2025-11-03 14:56:56"
49,11,user_2b54e11a378c,1,1,0,"2025-12-03 21:45:22"
46,11,user_5b1e2ffa6037,1,1,0,"2025-11-10 11:53:05"
40,2,user_209615c9641f,1,1,0,"2025-09-29 02:39:06"
40,9,user_5b1e2ffa6037,1,1,0,"2025-09-29 02:39:06"
49,1,user_2b54e11a378c,1,1,0,"2025-12-01 10:33:46"
42,8,user_3fe6d3d2f609,1,1,0,"2025-10-13 09:56:27"
41,23,user_79308b11de3c,1,1,0,"2025-10-06 13:49:01"
48,1,user_209615c9641f,1,0,0,"2025-11-24 12:16:29"
49,6,user_3879f42593f6,1,1,0,"2025-12-01 10:33:46"
40,9,user_209615c9641f,1,1,0,"2025-10-01 17:54:04"
50,8,user_ba64f53f5d11,1,1,0,"2025-12-08 10:12:45"
42,25,user_792b89888703,1,1,0,"2025-10-13 09:59:17"
50,1,user_53ec4ffd0c4a,1,1,1,"2025-12-08 12:51:25"
50,9,user_79308b11de3c,1,1,0,"2025-12-08 10:12:45"
44,6,user_209615c9641f,1,1,0,"2025-10-28 14:57:39"
42,2,user_209615c9641f,1,1,0,"2025-10-13 10:03:49"
47,2,user_5c67461bdfb6,1,1,0,"2025-11-17 11:28:55"
47,6,user_5dada3d11c89,1,1,0,"2025-11-17 11:28:55"
45,10,user_5b1e2ffa6037,1,1,0,"2025-11-03 14:56:56"
49,10,user_ba64f53f5d11,1,1,0,"2025-12-04 16:29:37"
50,8,user_792b89888703,1,1,0,"2025-12-08 10:12:45"
43,26,user_4288a5f5cd56,1,1,0,"2025-10-20 12:03:06"
41,9,user_9cc2ed18d407,1,1,0,"2025-10-06 13:04:26"
46,7,user_348e77b166b6,1,1,0,"2025-11-10 11:53:05"
44,2,user_559b46712ab4,1,1,0,"2025-10-27 09:58:37"
45,1,user_53ec4ffd0c4a,1,0,0,"2025-11-03 14:45:43"
40,5,user_1abb756948d8,1,1,0,"2025-09-30 18:56:13"
49,9,user_0d31a53eca8d,1,1,0,"2025-12-04 16:46:27"
42,9,user_209615c9641f,1,1,1,"2025-10-16 14:47:29"
41,26,user_6065da920f9a,1,1,0,"2025-10-06 13:04:26"
42,6,user_5dada3d11c89,1,1,0,"2025-10-13 10:00:18"
49,9,user_998ba4148264,1,1,0,"2025-12-01 10:33:46"
46,1,user_53ec4ffd0c4a,1,1,0,"2025-11-10 11:53:05"
48,8,user_0cd2a60c4af2,1,1,0,"2025-11-24 12:30:43"
45,11,user_4836181dc2db,1,1,0,"2025-11-03 14:56:56"
40,23,user_6065da920f9a,1,1,0,"2025-09-29 02:39:06"
44,7,user_7a327882fb35,1,0,0,"2025-10-27 09:26:45"
42,8,user_e6d68e09a806,1,1,0,"2025-10-13 09:56:27"
50,25,user_209615c9641f,1,1,0,"2025-12-08 10:12:45"
50,8,user_5b1e2ffa6037,1,1,0,"2025-12-08 10:12:45"
48,9,user_792b89888703,1,1,0,"2025-11-24 12:30:43"
43,7,user_4836181dc2db,1,0,0,"2025-10-20 10:56:16"
43,1,user_79308b11de3c,1,1,0,"2025-10-20 12:00:16"
45,7,user_1abb756948d8,1,0,0,"2025-11-03 14:46:25"
44,1,user_d0f41d40876c,1,1,1,"2025-10-27 14:40:52"
50,25,user_998ba4148264,1,1,1,"2025-12-09 13:57:58"
47,23,user_acd8bf4a84ea,1,1,0,"2025-11-17 13:29:59"
40,9,user_6065da920f9a,1,1,0,"2025-09-29 02:39:06"
40,2,user_559b46712ab4,1,1,0,"2025-09-29 02:39:06"
40,3,user_5c67461bdfb6,1,1,0,"2025-09-29 02:39:06"
42,7,user_5b1e2ffa6037,1,1,0,"2025-10-13 09:53:43"
45,9,user_1011b09f7615,1,0,0,"2025-11-03 14:47:18"
42,26,user_6065da920f9a,1,1,0,"2025-10-13 10:04:57"
42,9,user_acd8bf4a84ea,1,1,0,"2025-10-13 09:51:22"
49,11,user_4836181dc2db,1,0,1,"2025-12-04 09:21:35"
45,25,user_209615c9641f,1,1,0,"2025-11-03 14:56:56"
46,11,user_6065da920f9a,1,0,1,"2025-11-10 19:41:55"
43,7,user_53ec4ffd0c4a,1,1,1,"2025-10-22 15:48:48"
42,7,user_ba64f53f5d11,1,0,0,"2025-10-13 09:55:21"
42,9,user_cbaac4ea25f8,1,1,0,"2025-10-13 09:51:22"
40,4,user_4288a5f5cd56,1,1,0,"2025-09-29 16:53:35"
46,7,user_365c3aa45860,1,1,0,"2025-11-10 11:53:05"
48,11,user_3fe6d3d2f609,1,1,0,"2025-11-24 12:30:43"
43,6,user_348e77b166b6,1,1,0,"2025-10-20 12:04:42"
43,25,user_209615c9641f,1,1,0,"2025-10-20 12:02:12"
40,9,user_34efd464de87,1,1,0,"2025-09-29 02:39:06"
40,1,user_348e77b166b6,1,1,0,"2025-09-29 02:39:06"
49,10,user_9cc2ed18d407,1,1,0,"2025-12-01 10:33:46"
46,7,user_7741221c6842,1,1,0,"2025-11-10 11:53:05"
48,11,user_acd8bf4a84ea,1,1,0,"2025-11-24 12:30:43"
44,11,user_559b46712ab4,1,1,0,"2025-10-27 09:58:37"
46,11,user_79308b11de3c,1,1,0,"2025-11-10 11:53:05"
49,7,user_6065da920f9a,1,0,1,"2025-12-02 15:23:36"
45,9,user_365c3aa45860,1,1,1,"2025-11-06 11:31:48"
47,9,user_34efd464de87,1,1,0,"2025-11-17 11:28:55"
47,7,user_365c3aa45860,1,1,0,"2025-11-17 11:28:55"
45,7,user_0d31a53eca8d,1,1,0,"2025-11-03 14:56:56"
47,23,user_1011b09f7615,1,0,1,"2025-11-18 22:08:14"
41,26,user_34efd464de87,1,1,0,"2025-10-06 13:48:53"
41,25,user_348e77b166b6,1,1,0,"2025-10-06 13:04:26"
48,11,user_365c3aa45860,1,1,0,"2025-11-28 15:29:27"
46,25,user_4ce98290e201,1,1,0,"2025-11-10 11:53:05"
45,11,user_34efd464de87,1,1,0,"2025-11-07 13:43:12"
40,2,user_9cc2ed18d407,1,1,0,"2025-09-29 02:39:06"
40,5,user_ba64f53f5d11,1,1,0,"2025-09-29 02:39:06"
46,6,user_5dada3d11c89,1,1,0,"2025-11-10 11:53:05"
42,8,user_ba64f53f5d11,1,1,0,"2025-10-13 09:56:27"
40,5,user_0d31a53eca8d,1,1,0,"2025-09-29 02:39:06"
43,9,user_792b89888703,1,1,0,"2025-10-23 10:02:58"
41,6,user_5c67461bdfb6,1,1,0,"2025-10-08 14:28:31"
43,30,user_4f53e415f5c4,3,1,0,"2025-10-21 11:42:47"
42,9,user_5b1e2ffa6037,1,1,0,"2025-10-13 09:51:22"
47,9,user_348e77b166b6,1,1,0,"2025-11-17 11:28:55"
49,8,user_0cd2a60c4af2,1,1,0,"2025-12-01 10:33:46"
49,8,user_34efd464de87,1,1,0,"2025-12-01 10:33:46"
42,10,user_3879f42593f6,1,1,1,"2025-10-16 13:47:29"
50,26,user_53ec4ffd0c4a,1,1,0,"2025-12-08 10:12:45"
49,8,user_e6d68e09a806,1,0,1,"2025-12-02 12:24:49"
48,7,user_ba64f53f5d11,1,0,1,"2025-11-26 09:12:26"
47,9,user_cbaac4ea25f8,1,1,0,"2025-11-17 11:28:55"
40,7,user_5b1e2ffa6037,1,1,0,"2025-09-29 02:39:06"
46,8,user_d8f1e3727bdb,1,1,0,"2025-11-10 11:53:05"
43,26,user_3879f42593f6,1,1,0,"2025-10-20 12:02:58"
45,1,user_79308b11de3c,1,1,0,"2025-11-03 14:56:56"
40,4,user_792b89888703,1,1,0,"2025-09-29 02:39:06"
42,9,user_53ec4ffd0c4a,1,1,0,"2025-10-16 13:49:02"
48,11,user_34efd464de87,1,0,0,"2025-11-24 12:15:35"
49,1,user_365c3aa45860,1,1,0,"2025-12-01 10:33:46"
47,6,user_9cc2ed18d407,1,0,1,"2025-11-19 09:45:48"
41,6,user_3646e7cc7306,1,1,1,"2025-10-08 22:45:00"
50,7,user_7741221c6842,1,1,0,"2025-12-08 10:12:45"
40,3,user_6e45cd1cd582,1,1,0,"2025-09-29 02:39:06"
46,11,user_4836181dc2db,1,1,1,"2025-11-14 15:25:56"
41,10,user_3fe6d3d2f609,1,1,0,"2025-10-08 23:25:46"
43,9,user_3fe6d3d2f609,1,1,0,"2025-10-23 00:19:16"
47,25,user_792b89888703,1,1,0,"2025-11-17 11:28:55"
47,8,user_6065da920f9a,1,1,0,"2025-11-17 11:28:55"
47,26,user_3fe6d3d2f609,1,1,0,"2025-11-17 11:28:55"
47,9,user_0d31a53eca8d,1,1,0,"2025-11-17 11:28:55"
49,9,user_1011b09f7615,1,0,0,"2025-12-01 10:10:01"
46,25,user_9cc2ed18d407,1,1,0,"2025-11-10 11:53:05"
40,7,user_4836181dc2db,1,1,0,"2025-09-29 02:39:06"
46,7,user_5b1e2ffa6037,1,1,0,"2025-11-10 11:53:05"
49,10,user_d8f1e3727bdb,1,1,0,"2025-12-01 10:33:46"
50,7,user_7a327882fb35,1,0,0,"2025-12-08 09:54:15"
41,23,user_0cd2a60c4af2,1,1,0,"2025-10-06 21:12:58"
45,9,user_d0f41d40876c,1,1,0,"2025-11-03 14:56:56"
40,5,user_34efd464de87,1,1,0,"2025-09-29 02:39:06"
47,9,user_5b1e2ffa6037,1,0,0,"2025-11-17 11:05:55"
46,11,user_2b54e11a378c,1,0,0,"2025-11-10 11:38:24"
43,1,user_365c3aa45860,1,1,0,"2025-10-20 12:00:22"
41,26,user_792b89888703,1,1,0,"2025-10-06 13:04:26"
41,10,user_d0f41d40876c,1,1,0,"2025-10-09 16:48:22"
48,9,user_348e77b166b6,1,1,0,"2025-11-24 12:30:43"
43,10,user_34efd464de87,1,1,0,"2025-10-20 12:08:14"
44,9,user_365c3aa45860,1,1,0,"2025-10-27 09:58:37"
46,1,user_792b89888703,1,0,0,"2025-11-10 11:39:20"
46,11,user_34efd464de87,1,1,0,"2025-11-13 23:50:23"
46,26,user_3fe6d3d2f609,1,1,0,"2025-11-10 11:53:05"
48,8,user_6065da920f9a,1,1,0,"2025-11-24 12:30:43"
43,7,user_792b89888703,1,0,0,"2025-10-20 10:56:16"
46,6,user_1abb756948d8,1,1,0,"2025-11-10 11:53:05"
46,9,user_34efd464de87,1,0,1,"2025-11-12 20:01:25"
47,8,user_4836181dc2db,1,1,0,"2025-11-17 11:28:55"
44,11,user_2b54e11a378c,1,0,0,"2025-10-27 09:25:06"
43,7,user_5c67461bdfb6,1,1,0,"2025-10-22 16:08:36"
48,11,user_79308b11de3c,1,1,1,"2025-11-28 14:55:47"
45,11,user_ba64f53f5d11,1,1,0,"2025-11-03 14:56:56"
46,7,user_34efd464de87,1,1,0,"2025-11-10 11:53:05"
40,2,user_1abb756948d8,1,1,0,"2025-09-29 11:16:45"
43,7,user_3646e7cc7306,1,1,0,"2025-10-20 12:05:33"
42,6,user_792b89888703,1,1,0,"2025-10-13 10:00:18"
45,25,user_0cd2a60c4af2,1,1,0,"2025-11-03 14:56:56"
45,11,user_0d31a53eca8d,1,1,0,"2025-11-03 14:56:56"
42,25,user_5c67461bdfb6,1,1,0,"2025-10-13 09:59:17"
41,10,user_79308b11de3c,1,1,0,"2025-10-09 10:41:29"
49,25,user_5c67461bdfb6,1,1,0,"2025-12-01 10:33:46"
42,7,user_365c3aa45860,1,1,0,"2025-10-13 09:53:43"
41,1,user_acd8bf4a84ea,1,1,0,"2025-10-06 13:04:26"
45,7,user_34efd464de87,1,1,0,"2025-11-03 14:56:56"
42,2,user_5c67461bdfb6,1,1,0,"2025-10-13 10:03:49"
44,7,user_7741221c6842,1,1,0,"2025-10-27 09:58:37"
43,1,user_559b46712ab4,1,1,0,"2025-10-20 12:00:29"
42,8,user_792b89888703,1,0,0,"2025-10-13 09:56:27"
49,6,user_998ba4148264,1,1,0,"2025-12-01 10:33:46"
49,10,user_559b46712ab4,1,1,0,"2025-12-01 10:33:46"
43,29,user_3fe6d3d2f609,3,1,0,"2025-10-21 11:41:54"
43,9,user_ba64f53f5d11,1,1,0,"2025-10-20 12:07:44"
46,9,user_8066777090f4,1,1,0,"2025-11-12 20:02:04"
50,8,user_7a327882fb35,1,0,0,"2025-12-08 10:12:45"
45,6,user_5c67461bdfb6,1,1,0,"2025-11-03 14:56:56"
43,7,user_ba64f53f5d11,1,0,0,"2025-10-19 14:58:35"
42,9,user_9cc2ed18d407,1,0,0,"2025-10-13 09:51:22"
42,11,user_6065da920f9a,1,1,1,"2025-10-17 14:22:30"
42,2,user_5b1e2ffa6037,1,1,0,"2025-10-13 15:10:27"
49,9,user_9cc2ed18d407,1,0,0,"2025-12-01 10:10:01"
47,25,user_cbaac4ea25f8,1,1,0,"2025-11-17 11:28:55"
48,26,user_53ec4ffd0c4a,1,1,0,"2025-11-24 12:30:43"
40,3,user_d0f41d40876c,1,1,0,"2025-09-29 02:39:06"
50,2,user_5b1e2ffa6037,1,0,0,"2025-12-08 09:59:28"
41,1,user_365c3aa45860,1,1,0,"2025-10-06 13:04:26"
41,26,user_53ec4ffd0c4a,1,1,0,"2025-10-06 13:04:26"
48,11,user_1011b09f7615,1,0,0,"2025-11-24 12:15:35"
50,1,user_4836181dc2db,1,1,0,"2025-12-08 12:51:29"
44,2,user_209615c9641f,1,1,0,"2025-10-27 09:58:37"
44,9,user_d0f41d40876c,1,1,0,"2025-10-27 09:58:37"
40,23,user_ba64f53f5d11,1,0,1,"2025-10-05 19:44:20"
49,10,user_5b1e2ffa6037,1,1,0,"2025-12-01 10:33:46"
43,1,user_3646e7cc7306,1,1,1,"2025-10-20 19:18:57"
48,11,user_53ec4ffd0c4a,1,0,0,"2025-11-24 12:15:35"
45,9,user_65d0258c1913,1,0,0,"2025-11-03 14:47:18"
47,2,user_9cc2ed18d407,1,1,0,"2025-11-17 11:28:55"
45,25,user_5c67461bdfb6,1,1,0,"2025-11-03 14:56:56"
43,8,user_ba64f53f5d11,1,1,0,"2025-10-20 12:06:05"
48,2,user_209615c9641f,1,1,0,"2025-11-24 14:14:22"
48,25,user_9cc2ed18d407,1,1,0,"2025-11-24 12:30:43"
46,8,user_559b46712ab4,1,1,0,"2025-11-10 11:53:05"
49,2,user_209615c9641f,1,1,0,"2025-12-01 10:33:46"
43,10,user_e6d68e09a806,1,1,1,"2025-10-23 20:31:50"
47,1,user_792b89888703,1,1,0,"2025-11-17 11:28:55"
44,25,user_9cc2ed18d407,1,1,0,"2025-10-27 09:58:37"
44,7,user_65d0258c1913,1,1,0,"2025-10-27 09:58:37"
49,8,user_6065da920f9a,1,1,1,"2025-12-03 14:43:33"
44,26,user_3fe6d3d2f609,1,1,0,"2025-10-27 09:58:37"
49,9,user_5c67461bdfb6,1,1,1,"2025-12-04 16:29:08"
44,11,user_acd8bf4a84ea,1,0,0,"2025-10-27 09:25:06"
49,6,user_9cc2ed18d407,1,1,0,"2025-12-01 10:33:46"
48,6,user_6e45cd1cd582,1,1,0,"2025-11-24 12:30:43"
45,25,user_348e77b166b6,1,1,0,"2025-11-03 14:56:56"
46,9,user_6065da920f9a,1,0,0,"2025-11-10 11:36:22"
48,6,user_d0f41d40876c,1,1,0,"2025-11-24 12:30:43"
44,6,user_2b54e11a378c,1,0,1,"2025-10-27 14:43:03"
45,11,user_365c3aa45860,1,1,1,"2025-11-07 11:51:19"
49,2,user_9cc2ed18d407,1,1,0,"2025-12-01 10:33:46"
46,10,user_4288a5f5cd56,1,1,0,"2025-11-10 11:53:05"
46,2,user_0cd2a60c4af2,1,1,0,"2025-11-10 11:53:05"
46,11,user_1011b09f7615,1,0,0,"2025-11-10 11:38:24"
42,26,user_53ec4ffd0c4a,1,1,0,"2025-10-13 10:04:57"
40,6,user_9cc2ed18d407,1,1,0,"2025-09-29 02:39:06"
47,23,user_6065da920f9a,1,1,0,"2025-11-21 15:52:29"
45,11,user_559b46712ab4,1,1,0,"2025-11-03 14:56:56"
42,8,user_1abb756948d8,1,0,0,"2025-10-13 09:56:27"
40,7,user_365c3aa45860,1,1,0,"2025-09-29 02:39:06"
43,9,user_79308b11de3c,1,1,0,"2025-10-20 12:07:01"
47,25,user_6e45cd1cd582,1,1,1,"2025-11-18 15:01:27"
49,10,user_3fe6d3d2f609,1,1,0,"2025-12-04 16:29:26"
46,9,user_cbaac4ea25f8,1,1,0,"2025-11-10 11:53:05"
40,4,user_5b1e2ffa6037,1,1,0,"2025-09-29 02:39:06"
48,8,user_e6d68e09a806,1,1,0,"2025-11-24 12:30:43"
46,7,user_dc6a70de200c,1,0,1,"2025-11-11 20:18:06"
46,7,user_4836181dc2db,1,1,0,"2025-11-10 11:53:05"
45,1,user_9cc2ed18d407,1,1,0,"2025-11-03 14:56:56"
41,9,user_53ec4ffd0c4a,1,1,1,"2025-10-09 16:41:52"
45,11,user_348e77b166b6,1,1,0,"2025-11-07 11:51:30"
42,2,user_559b46712ab4,1,1,0,"2025-10-13 10:03:49"
46,8,user_e6d68e09a806,1,1,0,"2025-11-10 11:53:05"
47,8,user_34efd464de87,1,1,0,"2025-11-17 11:28:55"
44,10,user_0d31a53eca8d,1,1,0,"2025-10-27 09:58:37"
43,26,user_ba64f53f5d11,1,1,0,"2025-10-20 12:03:22"
50,1,user_ba64f53f5d11,1,1,0,"2025-12-08 10:12:45"
42,2,user_0cd2a60c4af2,1,1,0,"2025-10-13 10:03:49"
45,6,user_209615c9641f,1,1,0,"2025-11-03 14:56:56"
45,7,user_65d0258c1913,1,0,0,"2025-11-03 14:46:25"
46,9,user_65d0258c1913,1,0,0,"2025-11-10 11:36:22"
49,25,user_6e45cd1cd582,1,1,0,"2025-12-01 10:33:46"
49,25,user_cbaac4ea25f8,1,1,0,"2025-12-01 10:33:46"
48,7,user_acd8bf4a84ea,1,1,0,"2025-11-24 12:30:43"
47,26,user_6065da920f9a,1,1,0,"2025-11-17 11:28:55"
49,11,user_6065da920f9a,1,1,0,"2025-12-01 10:33:46"
40,2,user_4836181dc2db,1,1,0,"2025-09-29 02:39:06"
41,1,user_34efd464de87,1,1,0,"2025-10-06 13:04:26"
45,11,user_2b54e11a378c,1,0,0,"2025-11-03 14:44:59"
43,2,user_209615c9641f,1,1,0,"2025-10-20 12:00:56"
45,7,user_53ec4ffd0c4a,1,1,0,"2025-11-03 14:56:56"
43,23,user_6065da920f9a,1,1,0,"2025-10-20 12:09:40"
44,8,user_e6d68e09a806,1,0,1,"2025-10-28 20:27:11"
42,25,user_348e77b166b6,1,1,0,"2025-10-13 09:59:17"
41,9,user_348e77b166b6,1,1,0,"2025-10-06 13:04:26"
45,9,user_34efd464de87,1,1,0,"2025-11-03 14:56:56"
40,7,user_7741221c6842,1,1,0,"2025-09-29 09:22:15"
50,6,user_998ba4148264,1,1,0,"2025-12-09 13:58:06"
48,6,user_4ce98290e201,1,0,1,"2025-11-26 09:14:50"
49,9,user_79308b11de3c,1,1,0,"2025-12-01 10:33:46"
48,6,user_5c67461bdfb6,1,1,0,"2025-11-24 12:30:43"
45,10,user_209615c9641f,1,1,0,"2025-11-03 14:56:56"
49,1,user_1011b09f7615,1,1,0,"2025-12-01 10:33:46"
47,7,user_79308b11de3c,1,1,0,"2025-11-17 11:28:55"
44,10,user_4836181dc2db,1,1,0,"2025-10-30 15:27:31"
47,7,user_4288a5f5cd56,1,1,0,"2025-11-17 11:28:55"
44,8,user_3879f42593f6,1,1,1,"2025-10-29 18:31:30"
49,11,user_5b1e2ffa6037,1,0,0,"2025-12-01 10:11:47"
44,25,user_792b89888703,1,1,0,"2025-10-27 09:58:37"
44,8,user_34efd464de87,1,1,1,"2025-10-29 18:31:15"
44,1,user_1011b09f7615,1,1,0,"2025-10-27 09:58:37"
44,10,user_e6d68e09a806,1,0,1,"2025-10-28 20:27:17"
48,1,user_e6d68e09a806,1,1,0,"2025-11-24 12:30:43"
45,11,user_6065da920f9a,1,1,0,"2025-11-03 14:56:56"
46,8,user_53ec4ffd0c4a,1,1,0,"2025-11-10 11:59:10"
49,25,user_209615c9641f,1,1,0,"2025-12-01 10:33:46"
46,25,user_5c67461bdfb6,1,1,0,"2025-11-10 11:53:05"
43,25,user_9cc2ed18d407,1,1,0,"2025-10-20 12:02:33"
41,10,user_6065da920f9a,1,1,0,"2025-10-06 13:04:26"
44,25,user_cbaac4ea25f8,1,1,0,"2025-10-27 09:58:37"
48,10,user_5c67461bdfb6,1,1,0,"2025-11-24 12:30:43"
48,1,user_5c67461bdfb6,1,1,0,"2025-11-24 12:30:43"
48,1,user_365c3aa45860,1,1,0,"2025-11-24 12:30:43"
43,25,user_365c3aa45860,1,1,1,"2025-10-21 14:34:24"
43,6,user_9cc2ed18d407,1,1,0,"2025-10-20 12:03:54"
45,10,user_9cc2ed18d407,1,1,0,"2025-11-03 14:56:56"
44,6,user_4ce98290e201,1,1,0,"2025-10-27 14:46:18"
45,9,user_0cd2a60c4af2,1,1,0,"2025-11-03 14:56:56"
47,7,user_2b54e11a378c,1,1,0,"2025-11-17 11:28:55"
47,23,user_53ec4ffd0c4a,1,1,0,"2025-11-17 13:29:29"
42,9,user_348e77b166b6,1,0,0,"2025-10-13 09:51:22"
44,7,user_0d31a53eca8d,1,1,0,"2025-10-27 09:58:37"
46,26,user_0d31a53eca8d,1,1,0,"2025-11-10 11:53:05"
42,1,user_34efd464de87,1,1,0,"2025-10-13 09:57:41"
48,9,user_65d0258c1913,1,1,0,"2025-11-24 12:30:43"
50,6,user_6e45cd1cd582,1,1,0,"2025-12-08 10:12:45"
45,26,user_7a327882fb35,1,0,0,"2025-11-03 14:49:34"
46,6,user_65d0258c1913,1,0,0,"2025-11-10 11:37:15"
48,26,user_6065da920f9a,1,1,0,"2025-11-24 12:30:43"
49,1,user_348e77b166b6,1,1,0,"2025-12-01 10:33:46"
44,7,user_4836181dc2db,1,0,0,"2025-10-27 09:26:45"
42,1,user_348e77b166b6,1,1,0,"2025-10-13 09:57:41"
45,25,user_7a327882fb35,1,0,0,"2025-11-03 14:48:20"
46,9,user_792b89888703,1,1,0,"2025-11-10 11:53:05"
49,9,user_6065da920f9a,1,0,0,"2025-12-01 10:10:01"
40,23,user_348e77b166b6,1,1,0,"2025-09-29 02:39:06"
40,1,user_79308b11de3c,1,1,0,"2025-09-29 02:39:06"
43,9,user_53ec4ffd0c4a,1,1,0,"2025-10-20 12:07:11"
46,8,user_3fe6d3d2f609,1,1,0,"2025-11-10 11:53:05"
43,26,user_6065da920f9a,1,1,0,"2025-10-20 12:02:41"
43,8,user_6065da920f9a,1,1,0,"2025-10-20 12:05:51"
49,10,user_5c67461bdfb6,1,0,0,"2025-12-01 10:12:29"
47,1,user_65d0258c1913,1,0,0,"2025-11-17 11:07:03"
40,1,user_792b89888703,1,1,1,"2025-09-29 13:50:12"
43,7,user_0cd2a60c4af2,1,1,0,"2025-10-20 12:05:25"
42,11,user_4836181dc2db,1,1,0,"2025-10-13 10:01:31"
49,9,user_e6d68e09a806,1,0,1,"2025-12-03 17:19:46"
43,29,user_5b1e2ffa6037,3,1,0,"2025-10-21 11:42:22"
43,6,user_1abb756948d8,1,1,0,"2025-10-20 12:03:45"
43,23,user_34efd464de87,1,1,0,"2025-10-23 00:18:47"
49,8,user_4836181dc2db,1,1,0,"2025-12-01 10:33:46"
49,2,user_5b1e2ffa6037,1,1,0,"2025-12-01 10:33:46"
42,8,user_6065da920f9a,1,1,0,"2025-10-13 09:56:27"
48,12,user_9bc8b58bc769,1,0,0,"2025-11-24 12:22:04"
45,26,user_3fe6d3d2f609,1,1,0,"2025-11-03 14:56:56"
49,8,user_ba64f53f5d11,1,1,0,"2025-12-01 10:33:46"
41,10,user_e6d68e09a806,1,0,1,"2025-10-08 01:10:18"
43,7,user_1abb756948d8,1,0,0,"2025-10-20 10:56:16"
50,25,user_6e45cd1cd582,1,1,1,"2025-12-09 12:41:43"
42,25,user_6e45cd1cd582,1,1,0,"2025-10-13 09:59:17"
48,26,user_0d31a53eca8d,1,1,0,"2025-11-24 12:30:43"
44,8,user_3fe6d3d2f609,1,1,0,"2025-10-27 09:58:37"
43,9,user_365c3aa45860,1,0,1,"2025-10-23 00:19:46"
42,1,user_5b1e2ffa6037,1,1,1,"2025-10-13 15:10:18"
44,6,user_348e77b166b6,1,1,0,"2025-10-27 09:58:37"
44,1,user_2b54e11a378c,1,1,0,"2025-10-27 09:58:37"
43,1,user_d0f41d40876c,1,1,0,"2025-10-20 12:00:42"
50,9,user_ba64f53f5d11,1,1,0,"2025-12-08 10:12:45"
50,9,user_348e77b166b6,1,0,0,"2025-12-08 09:55:36"
50,6,user_d0f41d40876c,1,1,0,"2025-12-08 10:12:45"
42,2,user_4836181dc2db,1,1,0,"2025-10-13 10:03:49"
40,4,user_cbaac4ea25f8,1,1,0,"2025-09-29 02:43:56"
44,26,user_34efd464de87,1,1,0,"2025-10-27 09:58:37"
43,26,user_3fe6d3d2f609,1,1,0,"2025-10-20 12:02:49"
50,25,user_348e77b166b6,1,1,0,"2025-12-08 10:12:45"
45,7,user_7741221c6842,1,1,0,"2025-11-03 14:56:56"
43,23,user_53ec4ffd0c4a,1,1,0,"2025-10-20 12:09:24"
40,10,user_3646e7cc7306,1,1,1,"2025-10-02 23:40:44"
49,1,user_792b89888703,1,1,0,"2025-12-01 10:33:46"
48,6,user_209615c9641f,1,1,0,"2025-11-24 12:30:43"
42,25,user_9cc2ed18d407,1,1,0,"2025-10-13 09:59:17"
46,6,user_209615c9641f,1,1,0,"2025-11-10 11:53:05"
46,1,user_348e77b166b6,1,1,0,"2025-11-10 11:53:05"
50,9,user_34efd464de87,1,1,0,"2025-12-08 10:12:45"
43,2,user_9cc2ed18d407,1,1,0,"2025-10-20 12:01:10"
44,6,user_5dada3d11c89,1,0,1,"2025-10-28 09:47:35"
47,8,user_7a327882fb35,1,1,0,"2025-11-17 13:29:11"
41,9,user_5b1e2ffa6037,1,1,0,"2025-10-06 13:04:26"
40,1,user_365c3aa45860,1,1,0,"2025-09-29 02:39:06"
48,10,user_9bc8b58bc769,1,1,0,"2025-11-24 14:21:04"
46,1,user_2b54e11a378c,1,1,0,"2025-11-10 11:53:05"
46,2,user_9cc2ed18d407,1,1,0,"2025-11-10 11:53:05"
41,9,user_5c67461bdfb6,1,1,1,"2025-10-09 16:42:01"
47,9,user_79308b11de3c,1,1,0,"2025-11-17 11:28:55"
44,26,user_4288a5f5cd56,1,1,0,"2025-10-27 09:58:37"
40,2,user_53ec4ffd0c4a,1,1,0,"2025-09-29 02:39:06"
42,1,user_ba64f53f5d11,1,1,0,"2025-10-18 19:20:40"
46,1,user_acd8bf4a84ea,1,0,0,"2025-11-10 11:39:20"
47,7,user_1abb756948d8,1,0,0,"2025-11-17 11:11:16"
46,26,user_6065da920f9a,1,1,0,"2025-11-10 11:53:05"
43,30,user_53ec4ffd0c4a,3,1,0,"2025-10-21 11:42:51"
45,9,user_53ec4ffd0c4a,1,1,0,"2025-11-03 14:56:56"
44,8,user_6065da920f9a,1,1,0,"2025-10-27 09:58:37"
45,1,user_5b1e2ffa6037,1,1,0,"2025-11-03 14:56:56"
49,7,user_792b89888703,1,0,0,"2025-12-01 10:14:18"
40,7,user_acd8bf4a84ea,1,1,0,"2025-09-29 02:39:06"
43,8,user_3fe6d3d2f609,1,1,0,"2025-10-20 12:05:58"
44,11,user_4836181dc2db,1,1,0,"2025-10-27 09:58:37"
45,8,user_3879f42593f6,1,1,0,"2025-11-03 14:56:56"
49,6,user_d0f41d40876c,1,0,1,"2025-12-03 10:01:08"
44,7,user_acd8bf4a84ea,1,1,0,"2025-10-27 09:58:37"
48,10,user_209615c9641f,1,1,0,"2025-11-24 12:30:43"
47,6,user_792b89888703,1,0,0,"2025-11-17 11:09:00"
44,8,user_4836181dc2db,1,1,1,"2025-10-29 14:28:01"
40,6,user_209615c9641f,1,1,0,"2025-09-29 02:39:06"
44,6,user_1abb756948d8,1,0,0,"2025-10-27 09:32:12"
40,23,user_559b46712ab4,1,1,0,"2025-09-29 02:39:06"
50,10,user_5c67461bdfb6,1,1,0,"2025-12-08 10:12:45"
50,10,user_5b1e2ffa6037,1,1,0,"2025-12-08 10:12:45"
44,9,user_1011b09f7615,1,0,1,"2025-10-27 14:42:17"
41,6,user_348e77b166b6,1,1,0,"2025-10-06 13:04:26"
44,1,user_365c3aa45860,1,1,0,"2025-10-27 09:58:37"
50,9,user_0cd2a60c4af2,1,1,0,"2025-12-08 10:12:45"
44,7,user_2b54e11a378c,1,0,0,"2025-10-27 09:26:45"
48,1,user_34efd464de87,1,1,0,"2025-11-24 12:30:43"
40,4,user_365c3aa45860,1,1,0,"2025-09-29 02:39:06"
40,2,user_5c67461bdfb6,1,1,0,"2025-09-29 02:39:06"
46,6,user_3879f42593f6,1,1,0,"2025-11-10 11:53:05"
43,2,user_5b1e2ffa6037,1,1,0,"2025-10-20 12:01:03"
44,9,user_ba64f53f5d11,1,0,1,"2025-10-29 22:25:43"
46,2,user_5b1e2ffa6037,1,1,0,"2025-11-10 11:53:05"
49,7,user_65d0258c1913,1,1,0,"2025-12-03 19:07:36"
50,25,user_792b89888703,1,1,0,"2025-12-08 10:12:45"
45,26,user_53ec4ffd0c4a,1,1,0,"2025-11-03 14:56:56"
42,1,user_365c3aa45860,1,1,0,"2025-10-13 09:57:41"
46,11,user_53ec4ffd0c4a,1,1,0,"2025-11-12 11:00:21"
49,25,user_792b89888703,1,1,0,"2025-12-01 10:33:46"
46,7,user_0cd2a60c4af2,1,1,0,"2025-11-10 11:53:05"
44,2,user_5c67461bdfb6,1,1,0,"2025-10-27 09:58:37"
44,6,user_5c67461bdfb6,1,1,0,"2025-10-27 09:58:37"
42,26,user_34efd464de87,1,0,1,"2025-10-14 09:50:46"
49,11,user_79308b11de3c,1,0,1,"2025-12-03 17:20:03"
48,10,user_34efd464de87,1,1,0,"2025-11-24 12:30:43"
46,6,user_d0f41d40876c,1,1,0,"2025-11-10 11:53:05"
50,7,user_0cd2a60c4af2,1,1,0,"2025-12-08 10:12:45"
50,9,user_3fe6d3d2f609,1,1,0,"2025-12-08 10:12:45"
48,26,user_34efd464de87,1,1,0,"2025-11-25 16:47:49"
49,9,user_348e77b166b6,1,0,0,"2025-12-01 10:10:01"
43,23,user_acd8bf4a84ea,1,1,0,"2025-10-21 10:56:48"
42,2,user_9cc2ed18d407,1,1,0,"2025-10-13 10:03:49"
48,10,user_5b1e2ffa6037,1,1,0,"2025-11-24 12:30:43"
46,1,user_34efd464de87,1,1,0,"2025-11-10 11:53:05"
43,10,user_5c67461bdfb6,1,1,0,"2025-10-20 12:08:39"
47,8,user_ba64f53f5d11,1,1,0,"2025-11-17 11:28:55"
40,5,user_53ec4ffd0c4a,1,1,0,"2025-09-29 02:39:06"
43,6,user_4836181dc2db,1,1,0,"2025-10-20 12:04:06"
47,1,user_34efd464de87,1,1,0,"2025-11-17 11:28:55"
50,1,user_559b46712ab4,1,1,0,"2025-12-08 10:12:45"
42,26,user_4288a5f5cd56,1,1,0,"2025-10-13 21:28:11"
50,7,user_6065da920f9a,1,0,0,"2025-12-08 09:54:15"
42,6,user_9cc2ed18d407,1,1,0,"2025-10-13 10:00:18"
49,8,user_7a327882fb35,1,0,0,"2025-12-01 10:14:48"
45,7,user_2b54e11a378c,1,0,0,"2025-11-03 14:46:25"
50,8,user_53ec4ffd0c4a,1,0,0,"2025-12-08 09:54:51"
48,26,user_4ce98290e201,1,1,0,"2025-11-24 12:30:43"
48,11,user_6065da920f9a,1,1,0,"2025-11-24 12:30:43"
46,2,user_792b89888703,1,1,0,"2025-11-10 11:53:05"
41,26,user_ba64f53f5d11,1,1,0,"2025-10-06 13:04:26"
45,8,user_4836181dc2db,1,1,1,"2025-11-05 20:52:16"
45,1,user_34efd464de87,1,1,0,"2025-11-03 14:56:56"
49,6,user_792b89888703,1,1,0,"2025-12-01 10:33:46"
45,9,user_acd8bf4a84ea,1,1,0,"2025-11-03 14:56:56"
42,29,user_792b89888703,3,0,1,"2025-10-21 11:45:42"
45,10,user_3879f42593f6,1,1,0,"2025-11-03 14:56:56"
47,1,user_2b54e11a378c,1,0,0,"2025-11-17 11:07:03"
42,7,user_792b89888703,1,0,0,"2025-10-13 09:53:43"
43,25,user_cbaac4ea25f8,1,1,1,"2025-10-21 12:20:42"
44,1,user_65d0258c1913,1,0,0,"2025-10-27 09:30:47"
41,6,user_9cc2ed18d407,1,1,0,"2025-10-06 13:04:26"
45,26,user_6065da920f9a,1,1,0,"2025-11-03 14:56:56"
41,10,user_0d31a53eca8d,1,1,0,"2025-10-06 13:04:26"
47,9,user_209615c9641f,1,1,0,"2025-11-20 11:47:40"
44,10,user_209615c9641f,1,1,1,"2025-10-30 11:50:50"
46,11,user_3fe6d3d2f609,1,1,0,"2025-11-10 11:53:05"
46,9,user_acd8bf4a84ea,1,1,0,"2025-11-10 11:53:05"
47,25,user_5c67461bdfb6,1,1,0,"2025-11-17 11:28:55"
46,7,user_acd8bf4a84ea,1,0,0,"2025-11-10 11:29:43"
47,7,user_5b1e2ffa6037,1,1,0,"2025-11-17 11:28:55"
44,2,user_9cc2ed18d407,1,1,0,"2025-10-27 09:58:37"
48,2,user_53ec4ffd0c4a,1,1,0,"2025-11-24 12:30:43"
42,7,user_4ce98290e201,1,0,0,"2025-10-13 09:53:43"
46,7,user_65d0258c1913,1,0,0,"2025-11-10 11:29:43"
44,10,user_9cc2ed18d407,1,0,1,"2025-10-29 22:25:48"
49,6,user_7a327882fb35,1,1,0,"2025-12-01 10:33:46"
50,8,user_4288a5f5cd56,1,1,0,"2025-12-08 16:35:36"
44,1,user_348e77b166b6,1,1,0,"2025-10-27 09:58:37"
47,1,user_d0f41d40876c,1,1,0,"2025-11-17 11:28:55"
46,11,user_365c3aa45860,1,0,1,"2025-11-12 11:00:00"
49,6,user_65d0258c1913,1,0,0,"2025-12-01 10:10:53"
48,8,user_1abb756948d8,1,0,0,"2025-11-24 12:19:57"
41,26,user_9bc8b58bc769,1,1,0,"2025-10-06 13:04:26"
42,9,user_365c3aa45860,1,1,0,"2025-10-16 14:48:52"
50,6,user_7a327882fb35,1,1,0,"2025-12-08 09:58:21"
44,2,user_5b1e2ffa6037,1,1,1,"2025-10-27 14:45:44"
49,7,user_acd8bf4a84ea,1,1,1,"2025-12-03 16:50:55"
43,29,user_4836181dc2db,3,1,0,"2025-10-21 11:41:36"
48,7,user_cbaac4ea25f8,1,1,0,"2025-11-24 12:30:43"
40,3,user_209615c9641f,1,1,0,"2025-09-29 02:39:06"
40,23,user_209615c9641f,1,1,0,"2025-10-02 23:41:11"
48,1,user_ba64f53f5d11,1,1,0,"2025-11-24 12:30:43"
48,9,user_998ba4148264,1,1,0,"2025-11-24 12:30:43"
40,7,user_1abb756948d8,1,1,0,"2025-09-29 02:39:06"
42,26,user_3fe6d3d2f609,1,1,0,"2025-10-13 10:04:57"
40,10,user_0d31a53eca8d,1,1,0,"2025-09-29 02:39:06"
43,8,user_53ec4ffd0c4a,1,1,0,"2025-10-22 15:52:18"
43,29,user_365c3aa45860,3,1,0,"2025-10-21 11:41:42"
46,26,user_7a327882fb35,1,0,0,"2025-11-10 11:41:01"
42,25,user_4ce98290e201,1,1,0,"2025-10-13 09:59:17"
48,7,user_65d0258c1913,1,0,0,"2025-11-24 12:19:17"
43,1,user_acd8bf4a84ea,1,1,1,"2025-10-20 19:14:30"
49,10,user_0d31a53eca8d,1,1,1,"2025-12-04 16:46:22"
50,25,user_9cc2ed18d407,1,1,0,"2025-12-08 10:12:45"
47,9,user_9cc2ed18d407,1,0,0,"2025-11-17 11:05:55"
48,8,user_34efd464de87,1,1,0,"2025-11-24 12:30:43"
50,7,user_9cc2ed18d407,1,1,0,"2025-12-08 10:12:45"
48,9,user_5dada3d11c89,1,1,0,"2025-11-24 12:30:43"
41,9,user_209615c9641f,1,1,0,"2025-10-06 13:04:26"
44,25,user_209615c9641f,1,1,0,"2025-10-27 09:58:37"
44,6,user_9cc2ed18d407,1,1,0,"2025-10-27 09:58:37"
46,1,user_ba64f53f5d11,1,1,0,"2025-11-10 11:53:05"
46,1,user_65d0258c1913,1,1,0,"2025-11-10 11:53:05"
44,9,user_cbaac4ea25f8,1,1,0,"2025-10-27 09:58:37"
47,6,user_5c67461bdfb6,1,1,0,"2025-11-17 11:28:55"
44,9,user_34efd464de87,1,1,0,"2025-10-27 09:58:37"
42,11,user_365c3aa45860,1,1,0,"2025-10-13 10:01:31"
45,8,user_53ec4ffd0c4a,1,0,0,"2025-11-03 14:47:55"
45,6,user_9cc2ed18d407,1,1,0,"2025-11-03 14:56:56"
41,6,user_d0f41d40876c,1,1,1,"2025-10-08 12:37:12"
48,9,user_1011b09f7615,1,1,0,"2025-11-24 12:30:43"
49,25,user_348e77b166b6,1,1,0,"2025-12-01 10:33:46"
48,2,user_e6d68e09a806,1,0,0,"2025-11-24 12:17:59"
49,2,user_5c67461bdfb6,1,1,0,"2025-12-01 10:33:46"
50,1,user_e6d68e09a806,1,1,0,"2025-12-08 10:12:45"
42,1,user_3646e7cc7306,1,1,0,"2025-10-13 09:57:41"
42,25,user_209615c9641f,1,1,0,"2025-10-13 09:59:17"
